Lightcone Name,Path,Superimposition,ERR,Passive
But the Battle Isn't Over,Harmony,1,,"Increases the wearer's Energy Regeneration Rate by10~18% and regenerates 1 Skill Point when the wearer uses their Ultimate on an ally. This effect can be triggered after every 2 uses of the wearer's Ultimate. When the wearer uses their Skill, the next ally taking action (except the wearer) deals30~50% more DMG for 1 turn(s)."
But the Battle Isn't Over,Harmony,2,,"Increases the wearer's Energy Regeneration Rate by10~18% and regenerates 1 Skill Point when the wearer uses their Ultimate on an ally. This effect can be triggered after every 2 uses of the wearer's Ultimate. When the wearer uses their Skill, the next ally taking action (except the wearer) deals30~50% more DMG for 1 turn(s)."
But the Battle Isn't Over,Harmony,3,,"Increases the wearer's Energy Regeneration Rate by10~18% and regenerates 1 Skill Point when the wearer uses their Ultimate on an ally. This effect can be triggered after every 2 uses of the wearer's Ultimate. When the wearer uses their Skill, the next ally taking action (except the wearer) deals30~50% more DMG for 1 turn(s)."
But the Battle Isn't Over,Harmony,4,,"Increases the wearer's Energy Regeneration Rate by10~18% and regenerates 1 Skill Point when the wearer uses their Ultimate on an ally. This effect can be triggered after every 2 uses of the wearer's Ultimate. When the wearer uses their Skill, the next ally taking action (except the wearer) deals30~50% more DMG for 1 turn(s)."
But the Battle Isn't Over,Harmony,5,,"Increases the wearer's Energy Regeneration Rate by10~18% and regenerates 1 Skill Point when the wearer uses their Ultimate on an ally. This effect can be triggered after every 2 uses of the wearer's Ultimate. When the wearer uses their Skill, the next ally taking action (except the wearer) deals30~50% more DMG for 1 turn(s)."
She Already Shut Her Eyes,Preservation,1,,"Increases the wearer's Max HP by24~40% and Energy Regeneration Rate by12~20%.When the wearer's HP is reduced, all allies' DMG dealt increases by9.0~15.0%, lasting for 2 turn(s).At the start of every wave, restores HP to all allies by an amount equal to80~100% of their respective lost HP."
She Already Shut Her Eyes,Preservation,2,,"Increases the wearer's Max HP by24~40% and Energy Regeneration Rate by12~20%.When the wearer's HP is reduced, all allies' DMG dealt increases by9.0~15.0%, lasting for 2 turn(s).At the start of every wave, restores HP to all allies by an amount equal to80~100% of their respective lost HP."
She Already Shut Her Eyes,Preservation,3,,"Increases the wearer's Max HP by24~40% and Energy Regeneration Rate by12~20%.When the wearer's HP is reduced, all allies' DMG dealt increases by9.0~15.0%, lasting for 2 turn(s).At the start of every wave, restores HP to all allies by an amount equal to80~100% of their respective lost HP."
She Already Shut Her Eyes,Preservation,4,,"Increases the wearer's Max HP by24~40% and Energy Regeneration Rate by12~20%.When the wearer's HP is reduced, all allies' DMG dealt increases by9.0~15.0%, lasting for 2 turn(s).At the start of every wave, restores HP to all allies by an amount equal to80~100% of their respective lost HP."
She Already Shut Her Eyes,Preservation,5,,"Increases the wearer's Max HP by24~40% and Energy Regeneration Rate by12~20%.When the wearer's HP is reduced, all allies' DMG dealt increases by9.0~15.0%, lasting for 2 turn(s).At the start of every wave, restores HP to all allies by an amount equal to80~100% of their respective lost HP."
Brighter Than the Sun,Destruction,1,,"Increases the wearer's CRIT Rate by18~30%. When the wearer uses their Basic ATK, they will gain 1 stack of Dragon's Call, lasting for 2 turns. Each Stack of Dragon's Call increases the wearer's ATK by18~30% and Energy Regeneration Rate by6.0~10.0%. Dragon's Call may be stacked up to 2 times."
Brighter Than the Sun,Destruction,2,,"Increases the wearer's CRIT Rate by18~30%. When the wearer uses their Basic ATK, they will gain 1 stack of Dragon's Call, lasting for 2 turns. Each Stack of Dragon's Call increases the wearer's ATK by18~30% and Energy Regeneration Rate by6.0~10.0%. Dragon's Call may be stacked up to 2 times."
Brighter Than the Sun,Destruction,3,,"Increases the wearer's CRIT Rate by18~30%. When the wearer uses their Basic ATK, they will gain 1 stack of Dragon's Call, lasting for 2 turns. Each Stack of Dragon's Call increases the wearer's ATK by18~30% and Energy Regeneration Rate by6.0~10.0%. Dragon's Call may be stacked up to 2 times."
Brighter Than the Sun,Destruction,4,,"Increases the wearer's CRIT Rate by18~30%. When the wearer uses their Basic ATK, they will gain 1 stack of Dragon's Call, lasting for 2 turns. Each Stack of Dragon's Call increases the wearer's ATK by18~30% and Energy Regeneration Rate by6.0~10.0%. Dragon's Call may be stacked up to 2 times."
Brighter Than the Sun,Destruction,5,,"Increases the wearer's CRIT Rate by18~30%. When the wearer uses their Basic ATK, they will gain 1 stack of Dragon's Call, lasting for 2 turns. Each Stack of Dragon's Call increases the wearer's ATK by18~30% and Energy Regeneration Rate by6.0~10.0%. Dragon's Call may be stacked up to 2 times."
"Carve the Moon, Weave the Clouds",Harmony,1,,"One of the following effects is applied randomly at the start of combat and whenever the wearer takes action: Increase all allies' ATK by10~20%, increase all allies' CRIT DMG by12~24%, or increase all allies' Energy Regeneration Rate by6~12%. The applied effect cannot be identical to the last effect applied, and will replace the previous effect. The applied effect will be removed when the wearer has been knocked down. Effects of the similar type cannot be stacked."
"Carve the Moon, Weave the Clouds",Harmony,2,,"One of the following effects is applied randomly at the start of combat and whenever the wearer takes action: Increase all allies' ATK by10~20%, increase all allies' CRIT DMG by12~24%, or increase all allies' Energy Regeneration Rate by6~12%. The applied effect cannot be identical to the last effect applied, and will replace the previous effect. The applied effect will be removed when the wearer has been knocked down. Effects of the similar type cannot be stacked."
"Carve the Moon, Weave the Clouds",Harmony,3,,"One of the following effects is applied randomly at the start of combat and whenever the wearer takes action: Increase all allies' ATK by10~20%, increase all allies' CRIT DMG by12~24%, or increase all allies' Energy Regeneration Rate by6~12%. The applied effect cannot be identical to the last effect applied, and will replace the previous effect. The applied effect will be removed when the wearer has been knocked down. Effects of the similar type cannot be stacked."
"Carve the Moon, Weave the Clouds",Harmony,4,,"One of the following effects is applied randomly at the start of combat and whenever the wearer takes action: Increase all allies' ATK by10~20%, increase all allies' CRIT DMG by12~24%, or increase all allies' Energy Regeneration Rate by6~12%. The applied effect cannot be identical to the last effect applied, and will replace the previous effect. The applied effect will be removed when the wearer has been knocked down. Effects of the similar type cannot be stacked."
"Carve the Moon, Weave the Clouds",Harmony,5,,"One of the following effects is applied randomly at the start of combat and whenever the wearer takes action: Increase all allies' ATK by10~20%, increase all allies' CRIT DMG by12~24%, or increase all allies' Energy Regeneration Rate by6~12%. The applied effect cannot be identical to the last effect applied, and will replace the previous effect. The applied effect will be removed when the wearer has been knocked down. Effects of the similar type cannot be stacked."
Post-Op Conversation,Abundance,1,,Increases the wearer's Energy Regeneration Rate by8~16% and increases Outgoing Healing when they use their Ultimate by12~24%.
Post-Op Conversation,Abundance,2,,Increases the wearer's Energy Regeneration Rate by8~16% and increases Outgoing Healing when they use their Ultimate by12~24%.
Post-Op Conversation,Abundance,3,,Increases the wearer's Energy Regeneration Rate by8~16% and increases Outgoing Healing when they use their Ultimate by12~24%.
Post-Op Conversation,Abundance,4,,Increases the wearer's Energy Regeneration Rate by8~16% and increases Outgoing Healing when they use their Ultimate by12~24%.
Post-Op Conversation,Abundance,5,,Increases the wearer's Energy Regeneration Rate by8~16% and increases Outgoing Healing when they use their Ultimate by12~24%.
Quid Pro Quo,Abundance,1,,"At the start of the wearer's turn, regenerates8~16Energy for a randomly chosen ally (excluding the wearer) whose current Energy is lower than 50%."
Quid Pro Quo,Abundance,2,,"At the start of the wearer's turn, regenerates8~16Energy for a randomly chosen ally (excluding the wearer) whose current Energy is lower than 50%."
Quid Pro Quo,Abundance,3,,"At the start of the wearer's turn, regenerates8~16Energy for a randomly chosen ally (excluding the wearer) whose current Energy is lower than 50%."
Quid Pro Quo,Abundance,4,,"At the start of the wearer's turn, regenerates8~16Energy for a randomly chosen ally (excluding the wearer) whose current Energy is lower than 50%."
Quid Pro Quo,Abundance,5,,"At the start of the wearer's turn, regenerates8~16Energy for a randomly chosen ally (excluding the wearer) whose current Energy is lower than 50%."
Fine Fruit,Abundance,1,,"At the start of the battle, immediately regenerate6~12Energy for all allies."
Fine Fruit,Abundance,2,,"At the start of the battle, immediately regenerate6~12Energy for all allies."
Fine Fruit,Abundance,3,,"At the start of the battle, immediately regenerate6~12Energy for all allies."
Fine Fruit,Abundance,4,,"At the start of the battle, immediately regenerate6~12Energy for all allies."
Fine Fruit,Abundance,5,,"At the start of the battle, immediately regenerate6~12Energy for all allies."
Shared Feeling,Abundance,1,,"Increases the wearer's Outgoing Healing by10~20%. When using Skill, regenerates2~4Energy for all allies."
Shared Feeling,Abundance,2,,"Increases the wearer's Outgoing Healing by10~20%. When using Skill, regenerates2~4Energy for all allies."
Shared Feeling,Abundance,3,,"Increases the wearer's Outgoing Healing by10~20%. When using Skill, regenerates2~4Energy for all allies."
Shared Feeling,Abundance,4,,"Increases the wearer's Outgoing Healing by10~20%. When using Skill, regenerates2~4Energy for all allies."
Shared Feeling,Abundance,5,,"Increases the wearer's Outgoing Healing by10~20%. When using Skill, regenerates2~4Energy for all allies."
Make the World Clamor,Erudition,1,,"The wearer regenerates20~32Energy immediately upon entering battle, and increases Ultimate DMG by32~64%."
Make the World Clamor,Erudition,2,,"The wearer regenerates20~32Energy immediately upon entering battle, and increases Ultimate DMG by32~64%."
Make the World Clamor,Erudition,3,,"The wearer regenerates20~32Energy immediately upon entering battle, and increases Ultimate DMG by32~64%."
Make the World Clamor,Erudition,4,,"The wearer regenerates20~32Energy immediately upon entering battle, and increases Ultimate DMG by32~64%."
Make the World Clamor,Erudition,5,,"The wearer regenerates20~32Energy immediately upon entering battle, and increases Ultimate DMG by32~64%."
Subscribe for More!,The Hunt,1,,Increases the DMG of the wearer's Basic ATK and Skill by24~48%. This effect increases by an extra24~48% when the wearer's current Energy reaches its max level.
Subscribe for More!,The Hunt,2,,Increases the DMG of the wearer's Basic ATK and Skill by24~48%. This effect increases by an extra24~48% when the wearer's current Energy reaches its max level.
Subscribe for More!,The Hunt,3,,Increases the DMG of the wearer's Basic ATK and Skill by24~48%. This effect increases by an extra24~48% when the wearer's current Energy reaches its max level.
Subscribe for More!,The Hunt,4,,Increases the DMG of the wearer's Basic ATK and Skill by24~48%. This effect increases by an extra24~48% when the wearer's current Energy reaches its max level.
Subscribe for More!,The Hunt,5,,Increases the DMG of the wearer's Basic ATK and Skill by24~48%. This effect increases by an extra24~48% when the wearer's current Energy reaches its max level.
Solitary Healing,Nihility,1,,"Increases the wearer's Break Effect by20~40%. When the wearer unleashes their Ultimate, increases DoT dealt by the wearer by24~48% for 2 turns. When the target suffering from the wearer's DoT is defeated, regenerates4~6Energy."
Solitary Healing,Nihility,2,,"Increases the wearer's Break Effect by20~40%. When the wearer unleashes their Ultimate, increases DoT dealt by the wearer by24~48% for 2 turns. When the target suffering from the wearer's DoT is defeated, regenerates4~6Energy."
Solitary Healing,Nihility,3,,"Increases the wearer's Break Effect by20~40%. When the wearer unleashes their Ultimate, increases DoT dealt by the wearer by24~48% for 2 turns. When the target suffering from the wearer's DoT is defeated, regenerates4~6Energy."
Solitary Healing,Nihility,4,,"Increases the wearer's Break Effect by20~40%. When the wearer unleashes their Ultimate, increases DoT dealt by the wearer by24~48% for 2 turns. When the target suffering from the wearer's DoT is defeated, regenerates4~6Energy."
Solitary Healing,Nihility,5,,"Increases the wearer's Break Effect by20~40%. When the wearer unleashes their Ultimate, increases DoT dealt by the wearer by24~48% for 2 turns. When the target suffering from the wearer's DoT is defeated, regenerates4~6Energy."
Before the Tutorial Mission Starts,Nihility,1,,"Increases the wearer's Effect Hit Rate by20~40%. When the wearer attacks enemies that have reduced DEF, regenerates4~8Energy."
Before the Tutorial Mission Starts,Nihility,2,,"Increases the wearer's Effect Hit Rate by20~40%. When the wearer attacks enemies that have reduced DEF, regenerates4~8Energy."
Before the Tutorial Mission Starts,Nihility,3,,"Increases the wearer's Effect Hit Rate by20~40%. When the wearer attacks enemies that have reduced DEF, regenerates4~8Energy."
Before the Tutorial Mission Starts,Nihility,4,,"Increases the wearer's Effect Hit Rate by20~40%. When the wearer attacks enemies that have reduced DEF, regenerates4~8Energy."
Before the Tutorial Mission Starts,Nihility,5,,"Increases the wearer's Effect Hit Rate by20~40%. When the wearer attacks enemies that have reduced DEF, regenerates4~8Energy."
Passkey,Erudition,1,,"After the wearer uses their Skill, additionally regenerates8~12Energy.  This effect can only be triggered 1 time per turn."
Passkey,Erudition,2,,"After the wearer uses their Skill, additionally regenerates8~12Energy.  This effect can only be triggered 1 time per turn."
Passkey,Erudition,3,,"After the wearer uses their Skill, additionally regenerates8~12Energy.  This effect can only be triggered 1 time per turn."
Passkey,Erudition,4,,"After the wearer uses their Skill, additionally regenerates8~12Energy.  This effect can only be triggered 1 time per turn."
Passkey,Erudition,5,,"After the wearer uses their Skill, additionally regenerates8~12Energy.  This effect can only be triggered 1 time per turn."
Today Is Another Peaceful Day,Erudition,1,,"After entering battle, increases the wearer's DMG based on their Max Energy. DMG increases by0.20~0.40% per point of Energy, up to 160 Energy."
Today Is Another Peaceful Day,Erudition,2,,"After entering battle, increases the wearer's DMG based on their Max Energy. DMG increases by0.20~0.40% per point of Energy, up to 160 Energy."
Today Is Another Peaceful Day,Erudition,3,,"After entering battle, increases the wearer's DMG based on their Max Energy. DMG increases by0.20~0.40% per point of Energy, up to 160 Energy."
Today Is Another Peaceful Day,Erudition,4,,"After entering battle, increases the wearer's DMG based on their Max Energy. DMG increases by0.20~0.40% per point of Energy, up to 160 Energy."
Today Is Another Peaceful Day,Erudition,5,,"After entering battle, increases the wearer's DMG based on their Max Energy. DMG increases by0.20~0.40% per point of Energy, up to 160 Energy."
Echoes of the Coffin,Abundance,1,,"Increases the wearer's ATK by24~40%. After the wearer uses an attack, for each different enemy target the wearer hits, regenerates3~5Energy. Each attack can regenerate Energy up to 3 time(s) this way. After the wearer uses their Ultimate, all allies gain12~20SPD for 1 turn."
Echoes of the Coffin,Abundance,2,,"Increases the wearer's ATK by24~40%. After the wearer uses an attack, for each different enemy target the wearer hits, regenerates3~5Energy. Each attack can regenerate Energy up to 3 time(s) this way. After the wearer uses their Ultimate, all allies gain12~20SPD for 1 turn."
Echoes of the Coffin,Abundance,3,,"Increases the wearer's ATK by24~40%. After the wearer uses an attack, for each different enemy target the wearer hits, regenerates3~5Energy. Each attack can regenerate Energy up to 3 time(s) this way. After the wearer uses their Ultimate, all allies gain12~20SPD for 1 turn."
Echoes of the Coffin,Abundance,4,,"Increases the wearer's ATK by24~40%. After the wearer uses an attack, for each different enemy target the wearer hits, regenerates3~5Energy. Each attack can regenerate Energy up to 3 time(s) this way. After the wearer uses their Ultimate, all allies gain12~20SPD for 1 turn."
Echoes of the Coffin,Abundance,5,,"Increases the wearer's ATK by24~40%. After the wearer uses an attack, for each different enemy target the wearer hits, regenerates3~5Energy. Each attack can regenerate Energy up to 3 time(s) this way. After the wearer uses their Ultimate, all allies gain12~20SPD for 1 turn."
Meshing Cogs,Harmony,1,,"After the wearer uses attacks or gets hit, additionally regenerates4~8Energy. This effect can only be triggered 1 time per turn."
Meshing Cogs,Harmony,2,,"After the wearer uses attacks or gets hit, additionally regenerates4~8Energy. This effect can only be triggered 1 time per turn."
Meshing Cogs,Harmony,3,,"After the wearer uses attacks or gets hit, additionally regenerates4~8Energy. This effect can only be triggered 1 time per turn."
Meshing Cogs,Harmony,4,,"After the wearer uses attacks or gets hit, additionally regenerates4~8Energy. This effect can only be triggered 1 time per turn."
Meshing Cogs,Harmony,5,,"After the wearer uses attacks or gets hit, additionally regenerates4~8Energy. This effect can only be triggered 1 time per turn."
Memories of the Past,Harmony,1,,"Increases the wearer's Break Effect by28~56%. When the wearer attacks, additionally regenerates4~8Energy. This effect can only be triggered 1 time per turn."
Memories of the Past,Harmony,2,,"Increases the wearer's Break Effect by28~56%. When the wearer attacks, additionally regenerates4~8Energy. This effect can only be triggered 1 time per turn."
Memories of the Past,Harmony,3,,"Increases the wearer's Break Effect by28~56%. When the wearer attacks, additionally regenerates4~8Energy. This effect can only be triggered 1 time per turn."
Memories of the Past,Harmony,4,,"Increases the wearer's Break Effect by28~56%. When the wearer attacks, additionally regenerates4~8Energy. This effect can only be triggered 1 time per turn."
Memories of the Past,Harmony,5,,"Increases the wearer's Break Effect by28~56%. When the wearer attacks, additionally regenerates4~8Energy. This effect can only be triggered 1 time per turn."
Chorus,Harmony,1,0,"After entering battle, increases the ATK of all allies by8~12%. Effects of the same type cannot stack."
Chorus,Harmony,2,0,"After entering battle, increases the ATK of all allies by8~12%. Effects of the same type cannot stack."
Chorus,Harmony,3,0,"After entering battle, increases the ATK of all allies by8~12%. Effects of the same type cannot stack."
Chorus,Harmony,4,0,"After entering battle, increases the ATK of all allies by8~12%. Effects of the same type cannot stack."
Chorus,Harmony,5,0,"After entering battle, increases the ATK of all allies by8~12%. Effects of the same type cannot stack."
River Flows in Spring,The Hunt,1,0,"After entering battle, increases the wearer's SPD by8~12% and DMG by12~24%. When the wearer takes DMG, this effect will disappear. This effect will resume after the end of the wearer's next turn."
River Flows in Spring,The Hunt,2,0,"After entering battle, increases the wearer's SPD by8~12% and DMG by12~24%. When the wearer takes DMG, this effect will disappear. This effect will resume after the end of the wearer's next turn."
River Flows in Spring,The Hunt,3,0,"After entering battle, increases the wearer's SPD by8~12% and DMG by12~24%. When the wearer takes DMG, this effect will disappear. This effect will resume after the end of the wearer's next turn."
River Flows in Spring,The Hunt,4,0,"After entering battle, increases the wearer's SPD by8~12% and DMG by12~24%. When the wearer takes DMG, this effect will disappear. This effect will resume after the end of the wearer's next turn."
River Flows in Spring,The Hunt,5,0,"After entering battle, increases the wearer's SPD by8~12% and DMG by12~24%. When the wearer takes DMG, this effect will disappear. This effect will resume after the end of the wearer's next turn."
We Will Meet Again,Nihility,1,0,"After the wearer uses Basic ATK or Skill, deals Additional DMG equal to48~96% of the wearer's ATK to a random enemy that has been attacked."
We Will Meet Again,Nihility,2,0,"After the wearer uses Basic ATK or Skill, deals Additional DMG equal to48~96% of the wearer's ATK to a random enemy that has been attacked."
We Will Meet Again,Nihility,3,0,"After the wearer uses Basic ATK or Skill, deals Additional DMG equal to48~96% of the wearer's ATK to a random enemy that has been attacked."
We Will Meet Again,Nihility,4,0,"After the wearer uses Basic ATK or Skill, deals Additional DMG equal to48~96% of the wearer's ATK to a random enemy that has been attacked."
We Will Meet Again,Nihility,5,0,"After the wearer uses Basic ATK or Skill, deals Additional DMG equal to48~96% of the wearer's ATK to a random enemy that has been attacked."
Multiplication,Abundance,1,0,"After the wearer uses their Basic ATK, their next action will be Advanced Forward by12~20%."
Multiplication,Abundance,2,0,"After the wearer uses their Basic ATK, their next action will be Advanced Forward by12~20%."
Multiplication,Abundance,3,0,"After the wearer uses their Basic ATK, their next action will be Advanced Forward by12~20%."
Multiplication,Abundance,4,0,"After the wearer uses their Basic ATK, their next action will be Advanced Forward by12~20%."
Multiplication,Abundance,5,0,"After the wearer uses their Basic ATK, their next action will be Advanced Forward by12~20%."
Hidden Shadow,Nihility,1,0,"After using Skill, the wearer's next Basic ATK deals Additional DMG equal to60~120% of ATK to the target enemy."
Hidden Shadow,Nihility,2,0,"After using Skill, the wearer's next Basic ATK deals Additional DMG equal to60~120% of ATK to the target enemy."
Hidden Shadow,Nihility,3,0,"After using Skill, the wearer's next Basic ATK deals Additional DMG equal to60~120% of ATK to the target enemy."
Hidden Shadow,Nihility,4,0,"After using Skill, the wearer's next Basic ATK deals Additional DMG equal to60~120% of ATK to the target enemy."
Hidden Shadow,Nihility,5,0,"After using Skill, the wearer's next Basic ATK deals Additional DMG equal to60~120% of ATK to the target enemy."
Arrows,The Hunt,1,0,"At the start of the battle, the wearer's CRIT Rate increases by12~24% for 3 turn(s)."
Arrows,The Hunt,2,0,"At the start of the battle, the wearer's CRIT Rate increases by12~24% for 3 turn(s)."
Arrows,The Hunt,3,0,"At the start of the battle, the wearer's CRIT Rate increases by12~24% for 3 turn(s)."
Arrows,The Hunt,4,0,"At the start of the battle, the wearer's CRIT Rate increases by12~24% for 3 turn(s)."
Arrows,The Hunt,5,0,"At the start of the battle, the wearer's CRIT Rate increases by12~24% for 3 turn(s)."
Void,Nihility,1,0,"At the start of the battle, the wearer's Effect Hit Rate increases by20~40% for 3 turn(s)."
Void,Nihility,2,0,"At the start of the battle, the wearer's Effect Hit Rate increases by20~40% for 3 turn(s)."
Void,Nihility,3,0,"At the start of the battle, the wearer's Effect Hit Rate increases by20~40% for 3 turn(s)."
Void,Nihility,4,0,"At the start of the battle, the wearer's Effect Hit Rate increases by20~40% for 3 turn(s)."
Void,Nihility,5,0,"At the start of the battle, the wearer's Effect Hit Rate increases by20~40% for 3 turn(s)."
Eyes of the Prey,Nihility,1,0,ConfidenceIncreases the wearer's Effect Hit Rate by20~40% and increases DoT by24~48%.
Eyes of the Prey,Nihility,2,0,ConfidenceIncreases the wearer's Effect Hit Rate by20~40% and increases DoT by24~48%.
Eyes of the Prey,Nihility,3,0,ConfidenceIncreases the wearer's Effect Hit Rate by20~40% and increases DoT by24~48%.
Eyes of the Prey,Nihility,4,0,ConfidenceIncreases the wearer's Effect Hit Rate by20~40% and increases DoT by24~48%.
Eyes of the Prey,Nihility,5,0,ConfidenceIncreases the wearer's Effect Hit Rate by20~40% and increases DoT by24~48%.
Shattered Home,Destruction,1,0,Deals20~40% increased DMG to any enemies whose HP is above 50%.
Shattered Home,Destruction,2,0,Deals20~40% increased DMG to any enemies whose HP is above 50%.
Shattered Home,Destruction,3,0,Deals20~40% increased DMG to any enemies whose HP is above 50%.
Shattered Home,Destruction,4,0,Deals20~40% increased DMG to any enemies whose HP is above 50%.
Shattered Home,Destruction,5,0,Deals20~40% increased DMG to any enemies whose HP is above 50%.
We Are Wildfire,Preservation,1,0,"EyedAt the start of the battle, the DMG dealt to all allies decreases by8~16% for 5 turn(s). At the same time, immediately restores HP to all allies equal to30~50% of the respective HP difference between the characters' Max HP and current HP."
We Are Wildfire,Preservation,2,0,"EyedAt the start of the battle, the DMG dealt to all allies decreases by8~16% for 5 turn(s). At the same time, immediately restores HP to all allies equal to30~50% of the respective HP difference between the characters' Max HP and current HP."
We Are Wildfire,Preservation,3,0,"EyedAt the start of the battle, the DMG dealt to all allies decreases by8~16% for 5 turn(s). At the same time, immediately restores HP to all allies equal to30~50% of the respective HP difference between the characters' Max HP and current HP."
We Are Wildfire,Preservation,4,0,"EyedAt the start of the battle, the DMG dealt to all allies decreases by8~16% for 5 turn(s). At the same time, immediately restores HP to all allies equal to30~50% of the respective HP difference between the characters' Max HP and current HP."
We Are Wildfire,Preservation,5,0,"EyedAt the start of the battle, the DMG dealt to all allies decreases by8~16% for 5 turn(s). At the same time, immediately restores HP to all allies equal to30~50% of the respective HP difference between the characters' Max HP and current HP."
Swordplay,The Hunt,1,0,"For each time the wearer hits the same target, DMG dealt increases by8~16%, stacking up to 5 time(s). This effect will be dispelled when the wearer changes targets."
Swordplay,The Hunt,2,0,"For each time the wearer hits the same target, DMG dealt increases by8~16%, stacking up to 5 time(s). This effect will be dispelled when the wearer changes targets."
Swordplay,The Hunt,3,0,"For each time the wearer hits the same target, DMG dealt increases by8~16%, stacking up to 5 time(s). This effect will be dispelled when the wearer changes targets."
Swordplay,The Hunt,4,0,"For each time the wearer hits the same target, DMG dealt increases by8~16%, stacking up to 5 time(s). This effect will be dispelled when the wearer changes targets."
Swordplay,The Hunt,5,0,"For each time the wearer hits the same target, DMG dealt increases by8~16%, stacking up to 5 time(s). This effect will be dispelled when the wearer changes targets."
Good Night and Sleep Well,Nihility,1,0,"For every debuff the target enemy has, the DMG dealt by the wearer increases by12~24%, stacking up to 3 time(s). This effect also applies to DoT."
Good Night and Sleep Well,Nihility,2,0,"For every debuff the target enemy has, the DMG dealt by the wearer increases by12~24%, stacking up to 3 time(s). This effect also applies to DoT."
Good Night and Sleep Well,Nihility,3,0,"For every debuff the target enemy has, the DMG dealt by the wearer increases by12~24%, stacking up to 3 time(s). This effect also applies to DoT."
Good Night and Sleep Well,Nihility,4,0,"For every debuff the target enemy has, the DMG dealt by the wearer increases by12~24%, stacking up to 3 time(s). This effect also applies to DoT."
Good Night and Sleep Well,Nihility,5,0,"For every debuff the target enemy has, the DMG dealt by the wearer increases by12~24%, stacking up to 3 time(s). This effect also applies to DoT."
Night on the Milky Way,Erudition,1,0,"For every enemy on the field, increases the wearer's ATK by9.0~15.0%, up to 5 stacks. When an enemy is inflicted with Weakness Break, the DMG dealt by the wearer increases by30~50% for 1 turn."
Night on the Milky Way,Erudition,2,0,"For every enemy on the field, increases the wearer's ATK by9.0~15.0%, up to 5 stacks. When an enemy is inflicted with Weakness Break, the DMG dealt by the wearer increases by30~50% for 1 turn."
Night on the Milky Way,Erudition,3,0,"For every enemy on the field, increases the wearer's ATK by9.0~15.0%, up to 5 stacks. When an enemy is inflicted with Weakness Break, the DMG dealt by the wearer increases by30~50% for 1 turn."
Night on the Milky Way,Erudition,4,0,"For every enemy on the field, increases the wearer's ATK by9.0~15.0%, up to 5 stacks. When an enemy is inflicted with Weakness Break, the DMG dealt by the wearer increases by30~50% for 1 turn."
Night on the Milky Way,Erudition,5,0,"For every enemy on the field, increases the wearer's ATK by9.0~15.0%, up to 5 stacks. When an enemy is inflicted with Weakness Break, the DMG dealt by the wearer increases by30~50% for 1 turn."
Mutual Demise,Destruction,1,0,"If the wearer's current HP is lower than 80%, CRIT Rate increases by12~24%."
Mutual Demise,Destruction,2,0,"If the wearer's current HP is lower than 80%, CRIT Rate increases by12~24%."
Mutual Demise,Destruction,3,0,"If the wearer's current HP is lower than 80%, CRIT Rate increases by12~24%."
Mutual Demise,Destruction,4,0,"If the wearer's current HP is lower than 80%, CRIT Rate increases by12~24%."
Mutual Demise,Destruction,5,0,"If the wearer's current HP is lower than 80%, CRIT Rate increases by12~24%."
The Unreachable Side,Destruction,1,0,"Increase the wearer's CRIT Rate and Max HP by18~30%. After the wearer is attacked or consumes their own HP, increases the wearer's DMG by24~40%. This effect is dispelled after the user uses an attack."
The Unreachable Side,Destruction,2,0,"Increase the wearer's CRIT Rate and Max HP by18~30%. After the wearer is attacked or consumes their own HP, increases the wearer's DMG by24~40%. This effect is dispelled after the user uses an attack."
The Unreachable Side,Destruction,3,0,"Increase the wearer's CRIT Rate and Max HP by18~30%. After the wearer is attacked or consumes their own HP, increases the wearer's DMG by24~40%. This effect is dispelled after the user uses an attack."
The Unreachable Side,Destruction,4,0,"Increase the wearer's CRIT Rate and Max HP by18~30%. After the wearer is attacked or consumes their own HP, increases the wearer's DMG by24~40%. This effect is dispelled after the user uses an attack."
The Unreachable Side,Destruction,5,0,"Increase the wearer's CRIT Rate and Max HP by18~30%. After the wearer is attacked or consumes their own HP, increases the wearer's DMG by24~40%. This effect is dispelled after the user uses an attack."
"Worrisome, Blissful",The Hunt,1,0,"Increase the wearer's CRIT Rate by 18~30% and their follow-up attacks' DMG by 30~50%. After the wearer uses a follow-up attack, apply the Tame state to the target, stacking up to 2 stacks. When allies hit enemy targets under the Tame state, every Tame stack increases the CRIT DMG dealt by 12~20%."
"Worrisome, Blissful",The Hunt,2,0,"Increase the wearer's CRIT Rate by 18~30% and their follow-up attacks' DMG by 30~50%. After the wearer uses a follow-up attack, apply the Tame state to the target, stacking up to 2 stacks. When allies hit enemy targets under the Tame state, every Tame stack increases the CRIT DMG dealt by 12~20%."
"Worrisome, Blissful",The Hunt,3,0,"Increase the wearer's CRIT Rate by 18~30% and their follow-up attacks' DMG by 30~50%. After the wearer uses a follow-up attack, apply the Tame state to the target, stacking up to 2 stacks. When allies hit enemy targets under the Tame state, every Tame stack increases the CRIT DMG dealt by 12~20%."
"Worrisome, Blissful",The Hunt,4,0,"Increase the wearer's CRIT Rate by 18~30% and their follow-up attacks' DMG by 30~50%. After the wearer uses a follow-up attack, apply the Tame state to the target, stacking up to 2 stacks. When allies hit enemy targets under the Tame state, every Tame stack increases the CRIT DMG dealt by 12~20%."
"Worrisome, Blissful",The Hunt,5,0,"Increase the wearer's CRIT Rate by 18~30% and their follow-up attacks' DMG by 30~50%. After the wearer uses a follow-up attack, apply the Tame state to the target, stacking up to 2 stacks. When allies hit enemy targets under the Tame state, every Tame stack increases the CRIT DMG dealt by 12~20%."
Fermata,Nihility,1,0,"Increases Break Effect dealt by the wearer by16~32%, and increases their DMG to enemies afflicted with Shock or Wind Shear by16~32%. This also applies to DoT."
Fermata,Nihility,2,0,"Increases Break Effect dealt by the wearer by16~32%, and increases their DMG to enemies afflicted with Shock or Wind Shear by16~32%. This also applies to DoT."
Fermata,Nihility,3,0,"Increases Break Effect dealt by the wearer by16~32%, and increases their DMG to enemies afflicted with Shock or Wind Shear by16~32%. This also applies to DoT."
Fermata,Nihility,4,0,"Increases Break Effect dealt by the wearer by16~32%, and increases their DMG to enemies afflicted with Shock or Wind Shear by16~32%. This also applies to DoT."
Fermata,Nihility,5,0,"Increases Break Effect dealt by the wearer by16~32%, and increases their DMG to enemies afflicted with Shock or Wind Shear by16~32%. This also applies to DoT."
Amber,Preservation,1,0,"Increases DEF of its wearer by16~32%. If current HP of its wearer is less than 50% of Max HP, increases DEF by an extra16~32%."
Amber,Preservation,2,0,"Increases DEF of its wearer by16~32%. If current HP of its wearer is less than 50% of Max HP, increases DEF by an extra16~32%."
Amber,Preservation,3,0,"Increases DEF of its wearer by16~32%. If current HP of its wearer is less than 50% of Max HP, increases DEF by an extra16~32%."
Amber,Preservation,4,0,"Increases DEF of its wearer by16~32%. If current HP of its wearer is less than 50% of Max HP, increases DEF by an extra16~32%."
Amber,Preservation,5,0,"Increases DEF of its wearer by16~32%. If current HP of its wearer is less than 50% of Max HP, increases DEF by an extra16~32%."
A Secret Vow,Destruction,1,0,Increases DMG dealt by the wearer by20~40%. The wearer also deals an extra20~40% of DMG to enemies with a higher HP percentage than the wearer.
A Secret Vow,Destruction,2,0,Increases DMG dealt by the wearer by20~40%. The wearer also deals an extra20~40% of DMG to enemies with a higher HP percentage than the wearer.
A Secret Vow,Destruction,3,0,Increases DMG dealt by the wearer by20~40%. The wearer also deals an extra20~40% of DMG to enemies with a higher HP percentage than the wearer.
A Secret Vow,Destruction,4,0,Increases DMG dealt by the wearer by20~40%. The wearer also deals an extra20~40% of DMG to enemies with a higher HP percentage than the wearer.
A Secret Vow,Destruction,5,0,Increases DMG dealt by the wearer by20~40%. The wearer also deals an extra20~40% of DMG to enemies with a higher HP percentage than the wearer.
Patience Is All You Need,Nihility,1,0,"Increases DMG dealt by the wearer by24~40%. After every attack unleashed by the wearer, the wearer's SPD increases by4.8~8.0%, stacking up to 3 times. If the wearer hits an enemy target that is not affected by Erode, there is a 100% base chance to inflict Erode on the target. Enemies afflicted with Erode are also considered to be Shocked and will receive Lightning DoT at the start of each turn equal to60~100% of the wearer's ATK, lasting for 1 turn."
Patience Is All You Need,Nihility,2,0,"Increases DMG dealt by the wearer by24~40%. After every attack unleashed by the wearer, the wearer's SPD increases by4.8~8.0%, stacking up to 3 times. If the wearer hits an enemy target that is not affected by Erode, there is a 100% base chance to inflict Erode on the target. Enemies afflicted with Erode are also considered to be Shocked and will receive Lightning DoT at the start of each turn equal to60~100% of the wearer's ATK, lasting for 1 turn."
Patience Is All You Need,Nihility,3,0,"Increases DMG dealt by the wearer by24~40%. After every attack unleashed by the wearer, the wearer's SPD increases by4.8~8.0%, stacking up to 3 times. If the wearer hits an enemy target that is not affected by Erode, there is a 100% base chance to inflict Erode on the target. Enemies afflicted with Erode are also considered to be Shocked and will receive Lightning DoT at the start of each turn equal to60~100% of the wearer's ATK, lasting for 1 turn."
Patience Is All You Need,Nihility,4,0,"Increases DMG dealt by the wearer by24~40%. After every attack unleashed by the wearer, the wearer's SPD increases by4.8~8.0%, stacking up to 3 times. If the wearer hits an enemy target that is not affected by Erode, there is a 100% base chance to inflict Erode on the target. Enemies afflicted with Erode are also considered to be Shocked and will receive Lightning DoT at the start of each turn equal to60~100% of the wearer's ATK, lasting for 1 turn."
Patience Is All You Need,Nihility,5,0,"Increases DMG dealt by the wearer by24~40%. After every attack unleashed by the wearer, the wearer's SPD increases by4.8~8.0%, stacking up to 3 times. If the wearer hits an enemy target that is not affected by Erode, there is a 100% base chance to inflict Erode on the target. Enemies afflicted with Erode are also considered to be Shocked and will receive Lightning DoT at the start of each turn equal to60~100% of the wearer's ATK, lasting for 1 turn."
The Birth of the Self,Erudition,1,0,"Increases DMG dealt by the wearer's follow-up attacks by24~48%. If the current HP of the target enemy is below 50% of Max HP, increases DMG dealt by follow-up attacks by an extra24~48%."
The Birth of the Self,Erudition,2,0,"Increases DMG dealt by the wearer's follow-up attacks by24~48%. If the current HP of the target enemy is below 50% of Max HP, increases DMG dealt by follow-up attacks by an extra24~48%."
The Birth of the Self,Erudition,3,0,"Increases DMG dealt by the wearer's follow-up attacks by24~48%. If the current HP of the target enemy is below 50% of Max HP, increases DMG dealt by follow-up attacks by an extra24~48%."
The Birth of the Self,Erudition,4,0,"Increases DMG dealt by the wearer's follow-up attacks by24~48%. If the current HP of the target enemy is below 50% of Max HP, increases DMG dealt by follow-up attacks by an extra24~48%."
The Birth of the Self,Erudition,5,0,"Increases DMG dealt by the wearer's follow-up attacks by24~48%. If the current HP of the target enemy is below 50% of Max HP, increases DMG dealt by follow-up attacks by an extra24~48%."
Loop,Nihility,1,0,Increases DMG dealt from its wearer to Slowed enemies by24~48%.
Loop,Nihility,2,0,Increases DMG dealt from its wearer to Slowed enemies by24~48%.
Loop,Nihility,3,0,Increases DMG dealt from its wearer to Slowed enemies by24~48%.
Loop,Nihility,4,0,Increases DMG dealt from its wearer to Slowed enemies by24~48%.
Loop,Nihility,5,0,Increases DMG dealt from its wearer to Slowed enemies by24~48%.
Woof! Walk Time!,Destruction,1,0,"Increases the wearer's ATK by10~20%, and increases their DMG to enemies afflicted with Burn or Bleed by16~32%. This also applies to DoT."
Woof! Walk Time!,Destruction,2,0,"Increases the wearer's ATK by10~20%, and increases their DMG to enemies afflicted with Burn or Bleed by16~32%. This also applies to DoT."
Woof! Walk Time!,Destruction,3,0,"Increases the wearer's ATK by10~20%, and increases their DMG to enemies afflicted with Burn or Bleed by16~32%. This also applies to DoT."
Woof! Walk Time!,Destruction,4,0,"Increases the wearer's ATK by10~20%, and increases their DMG to enemies afflicted with Burn or Bleed by16~32%. This also applies to DoT."
Woof! Walk Time!,Destruction,5,0,"Increases the wearer's ATK by10~20%, and increases their DMG to enemies afflicted with Burn or Bleed by16~32%. This also applies to DoT."
Only Silence Remains,The Hunt,1,0,"Increases the wearer's ATK by16~32%. If there are 2 or fewer enemies on the field, increases wearer's CRIT Rate by12~24%."
Only Silence Remains,The Hunt,2,0,"Increases the wearer's ATK by16~32%. If there are 2 or fewer enemies on the field, increases wearer's CRIT Rate by12~24%."
Only Silence Remains,The Hunt,3,0,"Increases the wearer's ATK by16~32%. If there are 2 or fewer enemies on the field, increases wearer's CRIT Rate by12~24%."
Only Silence Remains,The Hunt,4,0,"Increases the wearer's ATK by16~32%. If there are 2 or fewer enemies on the field, increases wearer's CRIT Rate by12~24%."
Only Silence Remains,The Hunt,5,0,"Increases the wearer's ATK by16~32%. If there are 2 or fewer enemies on the field, increases wearer's CRIT Rate by12~24%."
Geniuses' Repose,Erudition,1,0,"Increases the wearer's ATK by16~32%. When the wearer defeats an enemy, the wearer's CRIT DMG increases by24~48% for 3 turn(s)."
Geniuses' Repose,Erudition,2,0,"Increases the wearer's ATK by16~32%. When the wearer defeats an enemy, the wearer's CRIT DMG increases by24~48% for 3 turn(s)."
Geniuses' Repose,Erudition,3,0,"Increases the wearer's ATK by16~32%. When the wearer defeats an enemy, the wearer's CRIT DMG increases by24~48% for 3 turn(s)."
Geniuses' Repose,Erudition,4,0,"Increases the wearer's ATK by16~32%. When the wearer defeats an enemy, the wearer's CRIT DMG increases by24~48% for 3 turn(s)."
Geniuses' Repose,Erudition,5,0,"Increases the wearer's ATK by16~32%. When the wearer defeats an enemy, the wearer's CRIT DMG increases by24~48% for 3 turn(s)."
Under the Blue Sky,Destruction,1,0,"Increases the wearer's ATK by16~32%. When the wearer defeats an enemy, the wearer's CRIT Rate increases by12~24% for 3 turn(s)."
Under the Blue Sky,Destruction,2,0,"Increases the wearer's ATK by16~32%. When the wearer defeats an enemy, the wearer's CRIT Rate increases by12~24% for 3 turn(s)."
Under the Blue Sky,Destruction,3,0,"Increases the wearer's ATK by16~32%. When the wearer defeats an enemy, the wearer's CRIT Rate increases by12~24% for 3 turn(s)."
Under the Blue Sky,Destruction,4,0,"Increases the wearer's ATK by16~32%. When the wearer defeats an enemy, the wearer's CRIT Rate increases by12~24% for 3 turn(s)."
Under the Blue Sky,Destruction,5,0,"Increases the wearer's ATK by16~32%. When the wearer defeats an enemy, the wearer's CRIT Rate increases by12~24% for 3 turn(s)."
Something Irreplaceable,Destruction,1,0,"Increases the wearer's ATK by24~40%. When the wearer defeats an enemy or is hit, immediately restores HP equal to8~12% of the wearer's ATK. At the same time, the wearer's DMG increases by24~40% until the end of their next turn. This effect cannot stack and can only trigger 1 time per turn."
Something Irreplaceable,Destruction,2,0,"Increases the wearer's ATK by24~40%. When the wearer defeats an enemy or is hit, immediately restores HP equal to8~12% of the wearer's ATK. At the same time, the wearer's DMG increases by24~40% until the end of their next turn. This effect cannot stack and can only trigger 1 time per turn."
Something Irreplaceable,Destruction,3,0,"Increases the wearer's ATK by24~40%. When the wearer defeats an enemy or is hit, immediately restores HP equal to8~12% of the wearer's ATK. At the same time, the wearer's DMG increases by24~40% until the end of their next turn. This effect cannot stack and can only trigger 1 time per turn."
Something Irreplaceable,Destruction,4,0,"Increases the wearer's ATK by24~40%. When the wearer defeats an enemy or is hit, immediately restores HP equal to8~12% of the wearer's ATK. At the same time, the wearer's DMG increases by24~40% until the end of their next turn. This effect cannot stack and can only trigger 1 time per turn."
Something Irreplaceable,Destruction,5,0,"Increases the wearer's ATK by24~40%. When the wearer defeats an enemy or is hit, immediately restores HP equal to8~12% of the wearer's ATK. At the same time, the wearer's DMG increases by24~40% until the end of their next turn. This effect cannot stack and can only trigger 1 time per turn."
Nowhere to Run,Destruction,1,0,"Increases the wearer's ATK by24~48%. Whenever the wearer defeats an enemy, they restore HP equal to12~24% of their ATK."
Nowhere to Run,Destruction,2,0,"Increases the wearer's ATK by24~48%. Whenever the wearer defeats an enemy, they restore HP equal to12~24% of their ATK."
Nowhere to Run,Destruction,3,0,"Increases the wearer's ATK by24~48%. Whenever the wearer defeats an enemy, they restore HP equal to12~24% of their ATK."
Nowhere to Run,Destruction,4,0,"Increases the wearer's ATK by24~48%. Whenever the wearer defeats an enemy, they restore HP equal to12~24% of their ATK."
Nowhere to Run,Destruction,5,0,"Increases the wearer's ATK by24~48%. Whenever the wearer defeats an enemy, they restore HP equal to12~24% of their ATK."
Collapsing Sky,Destruction,1,0,Increases the wearer's Basic ATK and Skill DMG by20~40%.
Collapsing Sky,Destruction,2,0,Increases the wearer's Basic ATK and Skill DMG by20~40%.
Collapsing Sky,Destruction,3,0,Increases the wearer's Basic ATK and Skill DMG by20~40%.
Collapsing Sky,Destruction,4,0,Increases the wearer's Basic ATK and Skill DMG by20~40%.
Collapsing Sky,Destruction,5,0,Increases the wearer's Basic ATK and Skill DMG by20~40%.
I Shall Be My Own Sword,Destruction,1,0,"Increases the wearer's CRIT DMG by20~32%. When an ally gets attacked or loses HP, the wearer gains 1 stack of Eclipse, up to a max of 3 stacks. Each stack of Eclipse increases the DMG of the wearer's next attack by14.0~24.0%. When 3 stacks are reached, additionally enables the attack to ignore12~20% of the enemy's DEF. This effect will be removed after the wearer uses an attack."
I Shall Be My Own Sword,Destruction,2,0,"Increases the wearer's CRIT DMG by20~32%. When an ally gets attacked or loses HP, the wearer gains 1 stack of Eclipse, up to a max of 3 stacks. Each stack of Eclipse increases the DMG of the wearer's next attack by14.0~24.0%. When 3 stacks are reached, additionally enables the attack to ignore12~20% of the enemy's DEF. This effect will be removed after the wearer uses an attack."
I Shall Be My Own Sword,Destruction,3,0,"Increases the wearer's CRIT DMG by20~32%. When an ally gets attacked or loses HP, the wearer gains 1 stack of Eclipse, up to a max of 3 stacks. Each stack of Eclipse increases the DMG of the wearer's next attack by14.0~24.0%. When 3 stacks are reached, additionally enables the attack to ignore12~20% of the enemy's DEF. This effect will be removed after the wearer uses an attack."
I Shall Be My Own Sword,Destruction,4,0,"Increases the wearer's CRIT DMG by20~32%. When an ally gets attacked or loses HP, the wearer gains 1 stack of Eclipse, up to a max of 3 stacks. Each stack of Eclipse increases the DMG of the wearer's next attack by14.0~24.0%. When 3 stacks are reached, additionally enables the attack to ignore12~20% of the enemy's DEF. This effect will be removed after the wearer uses an attack."
I Shall Be My Own Sword,Destruction,5,0,"Increases the wearer's CRIT DMG by20~32%. When an ally gets attacked or loses HP, the wearer gains 1 stack of Eclipse, up to a max of 3 stacks. Each stack of Eclipse increases the DMG of the wearer's next attack by14.0~24.0%. When 3 stacks are reached, additionally enables the attack to ignore12~20% of the enemy's DEF. This effect will be removed after the wearer uses an attack."
Sleep Like the Dead,The Hunt,1,0,"Increases the wearer's CRIT DMG by30~50%. When the wearer's Basic ATK or Skill does not result in a CRIT Hit, increases their CRIT Rate by36~60% for 1 turn. This effect can be only triggered 1 time every 3 turn(s)."
Sleep Like the Dead,The Hunt,2,0,"Increases the wearer's CRIT DMG by30~50%. When the wearer's Basic ATK or Skill does not result in a CRIT Hit, increases their CRIT Rate by36~60% for 1 turn. This effect can be only triggered 1 time every 3 turn(s)."
Sleep Like the Dead,The Hunt,3,0,"Increases the wearer's CRIT DMG by30~50%. When the wearer's Basic ATK or Skill does not result in a CRIT Hit, increases their CRIT Rate by36~60% for 1 turn. This effect can be only triggered 1 time every 3 turn(s)."
Sleep Like the Dead,The Hunt,4,0,"Increases the wearer's CRIT DMG by30~50%. When the wearer's Basic ATK or Skill does not result in a CRIT Hit, increases their CRIT Rate by36~60% for 1 turn. This effect can be only triggered 1 time every 3 turn(s)."
Sleep Like the Dead,The Hunt,5,0,"Increases the wearer's CRIT DMG by30~50%. When the wearer's Basic ATK or Skill does not result in a CRIT Hit, increases their CRIT Rate by36~60% for 1 turn. This effect can be only triggered 1 time every 3 turn(s)."
Before Dawn,Erudition,1,0,"Increases the wearer's CRIT DMG by36~60%. Increases the wearer's Skill and Ultimate DMG by18~30%. After the wearer uses their Skill or Ultimate, they gain Somnus Corpus. Upon triggering a follow-up attack, Somnus Corpus will be consumed and the follow-up attack DMG increases by48~80%."
Before Dawn,Erudition,2,0,"Increases the wearer's CRIT DMG by36~60%. Increases the wearer's Skill and Ultimate DMG by18~30%. After the wearer uses their Skill or Ultimate, they gain Somnus Corpus. Upon triggering a follow-up attack, Somnus Corpus will be consumed and the follow-up attack DMG increases by48~80%."
Before Dawn,Erudition,3,0,"Increases the wearer's CRIT DMG by36~60%. Increases the wearer's Skill and Ultimate DMG by18~30%. After the wearer uses their Skill or Ultimate, they gain Somnus Corpus. Upon triggering a follow-up attack, Somnus Corpus will be consumed and the follow-up attack DMG increases by48~80%."
Before Dawn,Erudition,4,0,"Increases the wearer's CRIT DMG by36~60%. Increases the wearer's Skill and Ultimate DMG by18~30%. After the wearer uses their Skill or Ultimate, they gain Somnus Corpus. Upon triggering a follow-up attack, Somnus Corpus will be consumed and the follow-up attack DMG increases by48~80%."
Before Dawn,Erudition,5,0,"Increases the wearer's CRIT DMG by36~60%. Increases the wearer's Skill and Ultimate DMG by18~30%. After the wearer uses their Skill or Ultimate, they gain Somnus Corpus. Upon triggering a follow-up attack, Somnus Corpus will be consumed and the follow-up attack DMG increases by48~80%."
Return to Darkness,The Hunt,1,0,"Increases the wearer's CRIT Rate by12~24%. After a CRIT Hit, there is a16~32% fixed chance to dispel 1 buff on the target enemy. This effect can only trigger 1 time per attack."
Return to Darkness,The Hunt,2,0,"Increases the wearer's CRIT Rate by12~24%. After a CRIT Hit, there is a16~32% fixed chance to dispel 1 buff on the target enemy. This effect can only trigger 1 time per attack."
Return to Darkness,The Hunt,3,0,"Increases the wearer's CRIT Rate by12~24%. After a CRIT Hit, there is a16~32% fixed chance to dispel 1 buff on the target enemy. This effect can only trigger 1 time per attack."
Return to Darkness,The Hunt,4,0,"Increases the wearer's CRIT Rate by12~24%. After a CRIT Hit, there is a16~32% fixed chance to dispel 1 buff on the target enemy. This effect can only trigger 1 time per attack."
Return to Darkness,The Hunt,5,0,"Increases the wearer's CRIT Rate by12~24%. After a CRIT Hit, there is a16~32% fixed chance to dispel 1 buff on the target enemy. This effect can only trigger 1 time per attack."
In the Night,The Hunt,1,0,"Increases the wearer's CRIT Rate by18~30%. While the wearer is in battle, for every 10 SPD that exceeds 100, the DMG of the wearer's Basic ATK and Skill is increased by6~10% and the CRIT DMG of their Ultimate is increased by12~20%. This effect can stack up to 6 time(s)."
In the Night,The Hunt,2,0,"Increases the wearer's CRIT Rate by18~30%. While the wearer is in battle, for every 10 SPD that exceeds 100, the DMG of the wearer's Basic ATK and Skill is increased by6~10% and the CRIT DMG of their Ultimate is increased by12~20%. This effect can stack up to 6 time(s)."
In the Night,The Hunt,3,0,"Increases the wearer's CRIT Rate by18~30%. While the wearer is in battle, for every 10 SPD that exceeds 100, the DMG of the wearer's Basic ATK and Skill is increased by6~10% and the CRIT DMG of their Ultimate is increased by12~20%. This effect can stack up to 6 time(s)."
In the Night,The Hunt,4,0,"Increases the wearer's CRIT Rate by18~30%. While the wearer is in battle, for every 10 SPD that exceeds 100, the DMG of the wearer's Basic ATK and Skill is increased by6~10% and the CRIT DMG of their Ultimate is increased by12~20%. This effect can stack up to 6 time(s)."
In the Night,The Hunt,5,0,"Increases the wearer's CRIT Rate by18~30%. While the wearer is in battle, for every 10 SPD that exceeds 100, the DMG of the wearer's Basic ATK and Skill is increased by6~10% and the CRIT DMG of their Ultimate is increased by12~20%. This effect can stack up to 6 time(s)."
Cruising in the Stellar Sea,The Hunt,1,0,"Increases the wearer's CRIT rate by8~16%, and increases their CRIT rate against enemies with HP less than or equal to 50% by an extra8~16%. When the wearer defeats an enemy, their ATK is increased by20~40% for 2 turn(s)."
Cruising in the Stellar Sea,The Hunt,2,0,"Increases the wearer's CRIT rate by8~16%, and increases their CRIT rate against enemies with HP less than or equal to 50% by an extra8~16%. When the wearer defeats an enemy, their ATK is increased by20~40% for 2 turn(s)."
Cruising in the Stellar Sea,The Hunt,3,0,"Increases the wearer's CRIT rate by8~16%, and increases their CRIT rate against enemies with HP less than or equal to 50% by an extra8~16%. When the wearer defeats an enemy, their ATK is increased by20~40% for 2 turn(s)."
Cruising in the Stellar Sea,The Hunt,4,0,"Increases the wearer's CRIT rate by8~16%, and increases their CRIT rate against enemies with HP less than or equal to 50% by an extra8~16%. When the wearer defeats an enemy, their ATK is increased by20~40% for 2 turn(s)."
Cruising in the Stellar Sea,The Hunt,5,0,"Increases the wearer's CRIT rate by8~16%, and increases their CRIT rate against enemies with HP less than or equal to 50% by an extra8~16%. When the wearer defeats an enemy, their ATK is increased by20~40% for 2 turn(s)."
This Is Me!,Preservation,1,0,Increases the wearer's DEF by16~32%. Increases the DMG of the wearer when they use their Ultimate by60~120% of the wearer's DEF. This effect only apply 1 time per enemy target.
This Is Me!,Preservation,2,0,Increases the wearer's DEF by16~32%. Increases the DMG of the wearer when they use their Ultimate by60~120% of the wearer's DEF. This effect only apply 1 time per enemy target.
This Is Me!,Preservation,3,0,Increases the wearer's DEF by16~32%. Increases the DMG of the wearer when they use their Ultimate by60~120% of the wearer's DEF. This effect only apply 1 time per enemy target.
This Is Me!,Preservation,4,0,Increases the wearer's DEF by16~32%. Increases the DMG of the wearer when they use their Ultimate by60~120% of the wearer's DEF. This effect only apply 1 time per enemy target.
This Is Me!,Preservation,5,0,Increases the wearer's DEF by16~32%. Increases the DMG of the wearer when they use their Ultimate by60~120% of the wearer's DEF. This effect only apply 1 time per enemy target.
Trend of the Universal Market,Preservation,1,0,"Increases the wearer's DEF by16~32%. When the wearer is attacked, there is a100~120% base chance to Burn the enemy. For each turn, the wearer deals DoT that is equal to40~80% of the wearer's DEF for 2 turn(s)."
Trend of the Universal Market,Preservation,2,0,"Increases the wearer's DEF by16~32%. When the wearer is attacked, there is a100~120% base chance to Burn the enemy. For each turn, the wearer deals DoT that is equal to40~80% of the wearer's DEF for 2 turn(s)."
Trend of the Universal Market,Preservation,3,0,"Increases the wearer's DEF by16~32%. When the wearer is attacked, there is a100~120% base chance to Burn the enemy. For each turn, the wearer deals DoT that is equal to40~80% of the wearer's DEF for 2 turn(s)."
Trend of the Universal Market,Preservation,4,0,"Increases the wearer's DEF by16~32%. When the wearer is attacked, there is a100~120% base chance to Burn the enemy. For each turn, the wearer deals DoT that is equal to40~80% of the wearer's DEF for 2 turn(s)."
Trend of the Universal Market,Preservation,5,0,"Increases the wearer's DEF by16~32%. When the wearer is attacked, there is a100~120% base chance to Burn the enemy. For each turn, the wearer deals DoT that is equal to40~80% of the wearer's DEF for 2 turn(s)."
Moment of Victory,Preservation,1,0,"Increases the wearer's DEF by24~40% and Effect Hit Rate by24~40%. Increases the chance for the wearer to be attacked by enemies. When the wearer is attacked, increase their DEF by an extra24~40% until the end of the wearer's turn."
Moment of Victory,Preservation,2,0,"Increases the wearer's DEF by24~40% and Effect Hit Rate by24~40%. Increases the chance for the wearer to be attacked by enemies. When the wearer is attacked, increase their DEF by an extra24~40% until the end of the wearer's turn."
Moment of Victory,Preservation,3,0,"Increases the wearer's DEF by24~40% and Effect Hit Rate by24~40%. Increases the chance for the wearer to be attacked by enemies. When the wearer is attacked, increase their DEF by an extra24~40% until the end of the wearer's turn."
Moment of Victory,Preservation,4,0,"Increases the wearer's DEF by24~40% and Effect Hit Rate by24~40%. Increases the chance for the wearer to be attacked by enemies. When the wearer is attacked, increase their DEF by an extra24~40% until the end of the wearer's turn."
Moment of Victory,Preservation,5,0,"Increases the wearer's DEF by24~40% and Effect Hit Rate by24~40%. Increases the chance for the wearer to be attacked by enemies. When the wearer is attacked, increase their DEF by an extra24~40% until the end of the wearer's turn."
The Seriousness of Breakfast,Erudition,1,0,"Increases the wearer's DMG by12~24%. For every defeated enemy, the wearer's ATK increases by4~8%, stacking up to 3 time(s)."
The Seriousness of Breakfast,Erudition,2,0,"Increases the wearer's DMG by12~24%. For every defeated enemy, the wearer's ATK increases by4~8%, stacking up to 3 time(s)."
The Seriousness of Breakfast,Erudition,3,0,"Increases the wearer's DMG by12~24%. For every defeated enemy, the wearer's ATK increases by4~8%, stacking up to 3 time(s)."
The Seriousness of Breakfast,Erudition,4,0,"Increases the wearer's DMG by12~24%. For every defeated enemy, the wearer's ATK increases by4~8%, stacking up to 3 time(s)."
The Seriousness of Breakfast,Erudition,5,0,"Increases the wearer's DMG by12~24%. For every defeated enemy, the wearer's ATK increases by4~8%, stacking up to 3 time(s)."
In the Name of the World,Nihility,1,0,"Increases the wearer's DMG to debuffed enemies by24~40%. When the wearer uses their Skill, the Effect Hit Rate for this attack increases by18~30%, and ATK increases by24~40%."
In the Name of the World,Nihility,2,0,"Increases the wearer's DMG to debuffed enemies by24~40%. When the wearer uses their Skill, the Effect Hit Rate for this attack increases by18~30%, and ATK increases by24~40%."
In the Name of the World,Nihility,3,0,"Increases the wearer's DMG to debuffed enemies by24~40%. When the wearer uses their Skill, the Effect Hit Rate for this attack increases by18~30%, and ATK increases by24~40%."
In the Name of the World,Nihility,4,0,"Increases the wearer's DMG to debuffed enemies by24~40%. When the wearer uses their Skill, the Effect Hit Rate for this attack increases by18~30%, and ATK increases by24~40%."
In the Name of the World,Nihility,5,0,"Increases the wearer's DMG to debuffed enemies by24~40%. When the wearer uses their Skill, the Effect Hit Rate for this attack increases by18~30%, and ATK increases by24~40%."
Incessant Rain,Nihility,1,0,"Increases the wearer's Effect Hit Rate by24~40%. When the wearer deals DMG to an enemy that currently has 3 or more debuffs, increases the wearer's CRIT Rate by12~20%. After the wearer uses their Basic ATK, Skill, or Ultimate, there is a 100% base chance to implant Aether Code on a random hit target that does not yet have it. Targets with Aether Code receive12~20% increased DMG for 1 turn."
Incessant Rain,Nihility,2,0,"Increases the wearer's Effect Hit Rate by24~40%. When the wearer deals DMG to an enemy that currently has 3 or more debuffs, increases the wearer's CRIT Rate by12~20%. After the wearer uses their Basic ATK, Skill, or Ultimate, there is a 100% base chance to implant Aether Code on a random hit target that does not yet have it. Targets with Aether Code receive12~20% increased DMG for 1 turn."
Incessant Rain,Nihility,3,0,"Increases the wearer's Effect Hit Rate by24~40%. When the wearer deals DMG to an enemy that currently has 3 or more debuffs, increases the wearer's CRIT Rate by12~20%. After the wearer uses their Basic ATK, Skill, or Ultimate, there is a 100% base chance to implant Aether Code on a random hit target that does not yet have it. Targets with Aether Code receive12~20% increased DMG for 1 turn."
Incessant Rain,Nihility,4,0,"Increases the wearer's Effect Hit Rate by24~40%. When the wearer deals DMG to an enemy that currently has 3 or more debuffs, increases the wearer's CRIT Rate by12~20%. After the wearer uses their Basic ATK, Skill, or Ultimate, there is a 100% base chance to implant Aether Code on a random hit target that does not yet have it. Targets with Aether Code receive12~20% increased DMG for 1 turn."
Incessant Rain,Nihility,5,0,"Increases the wearer's Effect Hit Rate by24~40%. When the wearer deals DMG to an enemy that currently has 3 or more debuffs, increases the wearer's CRIT Rate by12~20%. After the wearer uses their Basic ATK, Skill, or Ultimate, there is a 100% base chance to implant Aether Code on a random hit target that does not yet have it. Targets with Aether Code receive12~20% increased DMG for 1 turn."
Perfect Timing,Abundance,1,0,Increases the wearer's Effect RES by16~32% and increases Outgoing Healing by an amount that is equal to33~45% of Effect RES. Outgoing Healing can be increased this way by up to15~27%.
Perfect Timing,Abundance,2,0,Increases the wearer's Effect RES by16~32% and increases Outgoing Healing by an amount that is equal to33~45% of Effect RES. Outgoing Healing can be increased this way by up to15~27%.
Perfect Timing,Abundance,3,0,Increases the wearer's Effect RES by16~32% and increases Outgoing Healing by an amount that is equal to33~45% of Effect RES. Outgoing Healing can be increased this way by up to15~27%.
Perfect Timing,Abundance,4,0,Increases the wearer's Effect RES by16~32% and increases Outgoing Healing by an amount that is equal to33~45% of Effect RES. Outgoing Healing can be increased this way by up to15~27%.
Perfect Timing,Abundance,5,0,Increases the wearer's Effect RES by16~32% and increases Outgoing Healing by an amount that is equal to33~45% of Effect RES. Outgoing Healing can be increased this way by up to15~27%.
Texture of Memories,Preservation,1,0,"Increases the wearer's Effect RES by8~16%. If the wearer is attacked and has no Shield, they gain a Shield equal to16~32% of their Max HP for 2 turn(s). This effect can only be triggered once every 3 turn(s). If the wearer has a Shield when attacked, the DMG they receive decreases by12~24%."
Texture of Memories,Preservation,2,0,"Increases the wearer's Effect RES by8~16%. If the wearer is attacked and has no Shield, they gain a Shield equal to16~32% of their Max HP for 2 turn(s). This effect can only be triggered once every 3 turn(s). If the wearer has a Shield when attacked, the DMG they receive decreases by12~24%."
Texture of Memories,Preservation,3,0,"Increases the wearer's Effect RES by8~16%. If the wearer is attacked and has no Shield, they gain a Shield equal to16~32% of their Max HP for 2 turn(s). This effect can only be triggered once every 3 turn(s). If the wearer has a Shield when attacked, the DMG they receive decreases by12~24%."
Texture of Memories,Preservation,4,0,"Increases the wearer's Effect RES by8~16%. If the wearer is attacked and has no Shield, they gain a Shield equal to16~32% of their Max HP for 2 turn(s). This effect can only be triggered once every 3 turn(s). If the wearer has a Shield when attacked, the DMG they receive decreases by12~24%."
Texture of Memories,Preservation,5,0,"Increases the wearer's Effect RES by8~16%. If the wearer is attacked and has no Shield, they gain a Shield equal to16~32% of their Max HP for 2 turn(s). This effect can only be triggered once every 3 turn(s). If the wearer has a Shield when attacked, the DMG they receive decreases by12~24%."
Warmth Shortens Cold Nights,Abundance,1,0,"Increases the wearer's Max HP by16~32%. When using Basic ATK or Skill, restores all allies' HP by an amount equal to2.0~4.0% of their respective Max HP."
Warmth Shortens Cold Nights,Abundance,2,0,"Increases the wearer's Max HP by16~32%. When using Basic ATK or Skill, restores all allies' HP by an amount equal to2.0~4.0% of their respective Max HP."
Warmth Shortens Cold Nights,Abundance,3,0,"Increases the wearer's Max HP by16~32%. When using Basic ATK or Skill, restores all allies' HP by an amount equal to2.0~4.0% of their respective Max HP."
Warmth Shortens Cold Nights,Abundance,4,0,"Increases the wearer's Max HP by16~32%. When using Basic ATK or Skill, restores all allies' HP by an amount equal to2.0~4.0% of their respective Max HP."
Warmth Shortens Cold Nights,Abundance,5,0,"Increases the wearer's Max HP by16~32%. When using Basic ATK or Skill, restores all allies' HP by an amount equal to2.0~4.0% of their respective Max HP."
Time Waits for No One,Abundance,1,0,"Increases the wearer's Max HP by18~30% and Outgoing Healing by12~20%. When the wearer heals allies, record the amount of Outgoing Healing. When any ally launches an attack, a random attacked enemy takes additional DMG equal to36~60% of the recorded Outgoing Healing value. This Additional DMG is of the same Type as the wearer's, is not affected by other buffs, and can only occur 1 time per turn."
Time Waits for No One,Abundance,2,0,"Increases the wearer's Max HP by18~30% and Outgoing Healing by12~20%. When the wearer heals allies, record the amount of Outgoing Healing. When any ally launches an attack, a random attacked enemy takes additional DMG equal to36~60% of the recorded Outgoing Healing value. This Additional DMG is of the same Type as the wearer's, is not affected by other buffs, and can only occur 1 time per turn."
Time Waits for No One,Abundance,3,0,"Increases the wearer's Max HP by18~30% and Outgoing Healing by12~20%. When the wearer heals allies, record the amount of Outgoing Healing. When any ally launches an attack, a random attacked enemy takes additional DMG equal to36~60% of the recorded Outgoing Healing value. This Additional DMG is of the same Type as the wearer's, is not affected by other buffs, and can only occur 1 time per turn."
Time Waits for No One,Abundance,4,0,"Increases the wearer's Max HP by18~30% and Outgoing Healing by12~20%. When the wearer heals allies, record the amount of Outgoing Healing. When any ally launches an attack, a random attacked enemy takes additional DMG equal to36~60% of the recorded Outgoing Healing value. This Additional DMG is of the same Type as the wearer's, is not affected by other buffs, and can only occur 1 time per turn."
Time Waits for No One,Abundance,5,0,"Increases the wearer's Max HP by18~30% and Outgoing Healing by12~20%. When the wearer heals allies, record the amount of Outgoing Healing. When any ally launches an attack, a random attacked enemy takes additional DMG equal to36~60% of the recorded Outgoing Healing value. This Additional DMG is of the same Type as the wearer's, is not affected by other buffs, and can only occur 1 time per turn."
Data Bank,Erudition,1,0,Increases the wearer's Ultimate DMG by28~56%.
Data Bank,Erudition,2,0,Increases the wearer's Ultimate DMG by28~56%.
Data Bank,Erudition,3,0,Increases the wearer's Ultimate DMG by28~56%.
Data Bank,Erudition,4,0,Increases the wearer's Ultimate DMG by28~56%.
Data Bank,Erudition,5,0,Increases the wearer's Ultimate DMG by28~56%.
Day One of My New Life,Preservation,1,0,"Increases wearer's DEF by16~24%. After entering battle, increases DMG RES of all allies by8~12%. Effects of the same type cannot stack."
Day One of My New Life,Preservation,2,0,"Increases wearer's DEF by16~24%. After entering battle, increases DMG RES of all allies by8~12%. Effects of the same type cannot stack."
Day One of My New Life,Preservation,3,0,"Increases wearer's DEF by16~24%. After entering battle, increases DMG RES of all allies by8~12%. Effects of the same type cannot stack."
Day One of My New Life,Preservation,4,0,"Increases wearer's DEF by16~24%. After entering battle, increases DMG RES of all allies by8~12%. Effects of the same type cannot stack."
Day One of My New Life,Preservation,5,0,"Increases wearer's DEF by16~24%. After entering battle, increases DMG RES of all allies by8~12%. Effects of the same type cannot stack."
Pioneering,Preservation,1,0,"PCWhen the wearer Breaks an enemy's Weakness, the wearer restores HP by12~20% of their Max HP."
Pioneering,Preservation,2,0,"PCWhen the wearer Breaks an enemy's Weakness, the wearer restores HP by12~20% of their Max HP."
Pioneering,Preservation,3,0,"PCWhen the wearer Breaks an enemy's Weakness, the wearer restores HP by12~20% of their Max HP."
Pioneering,Preservation,4,0,"PCWhen the wearer Breaks an enemy's Weakness, the wearer restores HP by12~20% of their Max HP."
Pioneering,Preservation,5,0,"PCWhen the wearer Breaks an enemy's Weakness, the wearer restores HP by12~20% of their Max HP."
Landau's Choice,Preservation,1,0,"The wearer is more likely to be attacked, but DMG taken is reduced by16~24%."
Landau's Choice,Preservation,2,0,"The wearer is more likely to be attacked, but DMG taken is reduced by16~24%."
Landau's Choice,Preservation,3,0,"The wearer is more likely to be attacked, but DMG taken is reduced by16~24%."
Landau's Choice,Preservation,4,0,"The wearer is more likely to be attacked, but DMG taken is reduced by16~24%."
Landau's Choice,Preservation,5,0,"The wearer is more likely to be attacked, but DMG taken is reduced by16~24%."
Mediation,Harmony,1,0,"Upon battle entry, all allies receive12~20increased SPD for 1 turn(s)."
Mediation,Harmony,2,0,"Upon battle entry, all allies receive12~20increased SPD for 1 turn(s)."
Mediation,Harmony,3,0,"Upon battle entry, all allies receive12~20increased SPD for 1 turn(s)."
Mediation,Harmony,4,0,"Upon battle entry, all allies receive12~20increased SPD for 1 turn(s)."
Mediation,Harmony,5,0,"Upon battle entry, all allies receive12~20increased SPD for 1 turn(s)."
Planetary Rendezvous,Harmony,1,0,"Upon battle entry, if an ally deals the same DMG Type as the wearer, DMG dealt increases by12~24%."
Planetary Rendezvous,Harmony,2,0,"Upon battle entry, if an ally deals the same DMG Type as the wearer, DMG dealt increases by12~24%."
Planetary Rendezvous,Harmony,3,0,"Upon battle entry, if an ally deals the same DMG Type as the wearer, DMG dealt increases by12~24%."
Planetary Rendezvous,Harmony,4,0,"Upon battle entry, if an ally deals the same DMG Type as the wearer, DMG dealt increases by12~24%."
Planetary Rendezvous,Harmony,5,0,"Upon battle entry, if an ally deals the same DMG Type as the wearer, DMG dealt increases by12~24%."
Darting Arrow,The Hunt,1,0,"When the wearer defeats an enemy, increases ATK by24~48% for 3 turn(s)."
Darting Arrow,The Hunt,2,0,"When the wearer defeats an enemy, increases ATK by24~48% for 3 turn(s)."
Darting Arrow,The Hunt,3,0,"When the wearer defeats an enemy, increases ATK by24~48% for 3 turn(s)."
Darting Arrow,The Hunt,4,0,"When the wearer defeats an enemy, increases ATK by24~48% for 3 turn(s)."
Darting Arrow,The Hunt,5,0,"When the wearer defeats an enemy, increases ATK by24~48% for 3 turn(s)."
Adversarial,The Hunt,1,0,"When the wearer defeats an enemy, increases SPD by10~18% for 2 turn(s)."
Adversarial,The Hunt,2,0,"When the wearer defeats an enemy, increases SPD by10~18% for 2 turn(s)."
Adversarial,The Hunt,3,0,"When the wearer defeats an enemy, increases SPD by10~18% for 2 turn(s)."
Adversarial,The Hunt,4,0,"When the wearer defeats an enemy, increases SPD by10~18% for 2 turn(s)."
Adversarial,The Hunt,5,0,"When the wearer defeats an enemy, increases SPD by10~18% for 2 turn(s)."
Resolution Shines As Pearls of Sweat,Nihility,1,0,"When the wearer hits an enemy and if the hit enemy is not already Ensnared, then there is a60~100% base chance to Ensnare the hit enemy. Ensnared enemies' DEF decreases by12~16% for 1 turn(s)."
Resolution Shines As Pearls of Sweat,Nihility,2,0,"When the wearer hits an enemy and if the hit enemy is not already Ensnared, then there is a60~100% base chance to Ensnare the hit enemy. Ensnared enemies' DEF decreases by12~16% for 1 turn(s)."
Resolution Shines As Pearls of Sweat,Nihility,3,0,"When the wearer hits an enemy and if the hit enemy is not already Ensnared, then there is a60~100% base chance to Ensnare the hit enemy. Ensnared enemies' DEF decreases by12~16% for 1 turn(s)."
Resolution Shines As Pearls of Sweat,Nihility,4,0,"When the wearer hits an enemy and if the hit enemy is not already Ensnared, then there is a60~100% base chance to Ensnare the hit enemy. Ensnared enemies' DEF decreases by12~16% for 1 turn(s)."
Resolution Shines As Pearls of Sweat,Nihility,5,0,"When the wearer hits an enemy and if the hit enemy is not already Ensnared, then there is a60~100% base chance to Ensnare the hit enemy. Ensnared enemies' DEF decreases by12~16% for 1 turn(s)."
Defense,Preservation,1,0,"When the wearer unleashes their Ultimate, they restore HP by18~30% of their Max HP."
Defense,Preservation,2,0,"When the wearer unleashes their Ultimate, they restore HP by18~30% of their Max HP."
Defense,Preservation,3,0,"When the wearer unleashes their Ultimate, they restore HP by18~30% of their Max HP."
Defense,Preservation,4,0,"When the wearer unleashes their Ultimate, they restore HP by18~30% of their Max HP."
Defense,Preservation,5,0,"When the wearer unleashes their Ultimate, they restore HP by18~30% of their Max HP."
The Moles Welcome You,Destruction,1,0,"When the wearer uses Basic ATK, Skill, or Ultimate to attack enemies, the wearer gains one stack of Mischievous. Each stack increases the wearer's ATK by12~24%."
The Moles Welcome You,Destruction,2,0,"When the wearer uses Basic ATK, Skill, or Ultimate to attack enemies, the wearer gains one stack of Mischievous. Each stack increases the wearer's ATK by12~24%."
The Moles Welcome You,Destruction,3,0,"When the wearer uses Basic ATK, Skill, or Ultimate to attack enemies, the wearer gains one stack of Mischievous. Each stack increases the wearer's ATK by12~24%."
The Moles Welcome You,Destruction,4,0,"When the wearer uses Basic ATK, Skill, or Ultimate to attack enemies, the wearer gains one stack of Mischievous. Each stack increases the wearer's ATK by12~24%."
The Moles Welcome You,Destruction,5,0,"When the wearer uses Basic ATK, Skill, or Ultimate to attack enemies, the wearer gains one stack of Mischievous. Each stack increases the wearer's ATK by12~24%."
Cornucopia,Abundance,1,0,"When the wearer uses their Skill or Ultimate, their Outgoing Healing increases by12~24%."
Cornucopia,Abundance,2,0,"When the wearer uses their Skill or Ultimate, their Outgoing Healing increases by12~24%."
Cornucopia,Abundance,3,0,"When the wearer uses their Skill or Ultimate, their Outgoing Healing increases by12~24%."
Cornucopia,Abundance,4,0,"When the wearer uses their Skill or Ultimate, their Outgoing Healing increases by12~24%."
Cornucopia,Abundance,5,0,"When the wearer uses their Skill or Ultimate, their Outgoing Healing increases by12~24%."
Past and Future,Harmony,1,0,"When the wearer uses their Skill, then the next ally taking action (except the wearer) deals16~32% increased DMG for 1 turn(s)."
Past and Future,Harmony,2,0,"When the wearer uses their Skill, then the next ally taking action (except the wearer) deals16~32% increased DMG for 1 turn(s)."
Past and Future,Harmony,3,0,"When the wearer uses their Skill, then the next ally taking action (except the wearer) deals16~32% increased DMG for 1 turn(s)."
Past and Future,Harmony,4,0,"When the wearer uses their Skill, then the next ally taking action (except the wearer) deals16~32% increased DMG for 1 turn(s)."
Past and Future,Harmony,5,0,"When the wearer uses their Skill, then the next ally taking action (except the wearer) deals16~32% increased DMG for 1 turn(s)."
Dance! Dance! Dance!,Harmony,1,0,"When the wearer uses their Ultimate, all allies' actions are Advanced Forward by16~24%."
Dance! Dance! Dance!,Harmony,2,0,"When the wearer uses their Ultimate, all allies' actions are Advanced Forward by16~24%."
Dance! Dance! Dance!,Harmony,3,0,"When the wearer uses their Ultimate, all allies' actions are Advanced Forward by16~24%."
Dance! Dance! Dance!,Harmony,4,0,"When the wearer uses their Ultimate, all allies' actions are Advanced Forward by16~24%."
Dance! Dance! Dance!,Harmony,5,0,"When the wearer uses their Ultimate, all allies' actions are Advanced Forward by16~24%."
Sagacity,Erudition,1,0,"When the wearer uses their Ultimate, increases ATK by24~48% for 2 turn(s)."
Sagacity,Erudition,2,0,"When the wearer uses their Ultimate, increases ATK by24~48% for 2 turn(s)."
Sagacity,Erudition,3,0,"When the wearer uses their Ultimate, increases ATK by24~48% for 2 turn(s)."
Sagacity,Erudition,4,0,"When the wearer uses their Ultimate, increases ATK by24~48% for 2 turn(s)."
Sagacity,Erudition,5,0,"When the wearer uses their Ultimate, increases ATK by24~48% for 2 turn(s)."
On the Fall of an Aeon,Destruction,1,0,"Whenever the wearer attacks, their ATK is increased by8~16% in this battle, up to 4 time(s). When the wearer inflicts Weakness Break on enemies, the wearer's DMG increases by12~24% for 2 turn(s)."
On the Fall of an Aeon,Destruction,2,0,"Whenever the wearer attacks, their ATK is increased by8~16% in this battle, up to 4 time(s). When the wearer inflicts Weakness Break on enemies, the wearer's DMG increases by12~24% for 2 turn(s)."
On the Fall of an Aeon,Destruction,3,0,"Whenever the wearer attacks, their ATK is increased by8~16% in this battle, up to 4 time(s). When the wearer inflicts Weakness Break on enemies, the wearer's DMG increases by12~24% for 2 turn(s)."
On the Fall of an Aeon,Destruction,4,0,"Whenever the wearer attacks, their ATK is increased by8~16% in this battle, up to 4 time(s). When the wearer inflicts Weakness Break on enemies, the wearer's DMG increases by12~24% for 2 turn(s)."
On the Fall of an Aeon,Destruction,5,0,"Whenever the wearer attacks, their ATK is increased by8~16% in this battle, up to 4 time(s). When the wearer inflicts Weakness Break on enemies, the wearer's DMG increases by12~24% for 2 turn(s)."
